<?xml version="1.0"?>
<opencv_storage>
<cascade>
  <stageType>BOOST</stageType>
  <featureType>LBP</featureType>
  <height>16</height>
  <width>16</width>
  <stageParams>
    <boostType>GAB</boostType>
    <minHitRate>9.9900001287460327e-01</minHitRate>
    <maxFalseAlarm>5.0000000000000000e-01</maxFalseAlarm>
    <weightTrimRate>9.4999999999999996e-01</weightTrimRate>
    <maxDepth>1</maxDepth>
    <maxWeakCount>100</maxWeakCount></stageParams>
  <featureParams>
    <maxCatCount>256</maxCatCount>
    <featSize>1</featSize></featureParams>
  <stageNum>14</stageNum>
  <stages>
    <!-- stage 0 -->
    <_>
      <maxWeakCount>7</maxWeakCount>
      <stageThreshold>-2.8131654262542725e+00</stageThreshold>
      <weakClassifiers>
        <_>
          <internalNodes>
            0 -1 6 -1 -65538 -65537 -35848196 -1 -1 -1 -1</internalNodes>
          <leafValues>
            -8.7945169210433960e-01 3.9850327372550964e-01</leafValues></_>
        <_>
          <internalNodes>
            0 -1 126 -1 -8193 -131 -1610612740 -4 -50467092 -65796
            -51061004</internalNodes>
          <leafValues>
            -7.9397404193878174e-01 3.7506353855133057e-01</leafValues></_>
        <_>
          <internalNodes>
            0 -1 33 -54486 -17 938424097 -129 -17 -1 1073700831 -1056777</internalNodes>
          <leafValues>
            -6.4794224500656128e-01 4.7955635190010071e-01</leafValues></_>
        <_>
          <internalNodes>
            0 -1 87 2147450879 -268632065 -1073741825 -1426522113
            -238380 -622593 -229380 -17793164</internalNodes>
          <leafValues>
            -6.7044866085052490e-01 4.3805056810379028e-01</leafValues></_>
        <_>
          <internalNodes>
            0 -1 100 -1 -1375797249 -17825793 -289472516 1879015325 -1
            -536936588 -17498540</internalNodes>
          <leafValues>
            -6.0660231113433838e-01 4.3940415978431702e-01</leafValues></_>
        <_>
          <internalNodes>
            0 -1 157 -134217981 -196611 -1264 -16859153 -33452
            2147450869 -98348 -185204737</internalNodes>
          <leafValues>
            -5.5335134267807007e-01 4.3316295742988586e-01</leafValues></_>
        <_>
          <internalNodes>
            0 -1 9 -1427133714 2130378494 -33620996 1560076244
            1608515582 -17006862 -229444 1282703222</internalNodes>
          <leafValues>
            -7.9791241884231567e-01 2.9259833693504333e-01</leafValues></_></weakClassifiers></_>
    <!-- stage 1 -->
    <_>
      <maxWeakCount>7</maxWeakCount>
      <stageThreshold>-2.4651100635528564e+00</stageThreshold>
      <weakClassifiers>
        <_>
          <internalNodes>
            0 -1 150 -8425 -33 -1 -1 -1 -1 -1 -1</internalNodes>
          <leafValues>
            -8.4629100561141968e-01 4.3357488512992859e-01</leafValues></_>
        <_>
          <internalNodes>
            0 -1 13 -1 -65570 -34799618 -209672 -1 -66626 -33751041
            -36372494</internalNodes>
          <leafValues>
            -7.8856909275054932e-01 3.2500785589218140e-01</leafValues></_>
        <_>
          <internalNodes>
            0 -1 28 -536912003 -129 -21561345 -25493506 -285261953
            -8683649 -557195 -9371786</internalNodes>
          <leafValues>
            -6.2156605720520020e-01 4.2182081937789917e-01</leafValues></_>
        <_>
          <internalNodes>
            0 -1 3 -21842 -8392833 805220331 -1073745921 -53329 -1
            -822153729 -5</internalNodes>
          <leafValues>
            -5.1401817798614502e-01 5.0626528263092041e-01</leafValues></_>
        <_>
          <internalNodes>
            0 -1 103 2113896447 -4423681 -9 -536936451 -1032195 -722947
            -460802 -5218444</internalNodes>
          <leafValues>
            -4.9890637397766113e-01 4.8883873224258423e-01</leafValues></_>
        <_>
          <internalNodes>
            0 -1 56 -32769 1853816830 -16877642 -365232130 -268542392
            -65538 -9011628 -93029004</internalNodes>
          <leafValues>
            -6.5756940841674805e-01 3.8493067026138306e-01</leafValues></_>
        <_>
          <internalNodes>
            0 -1 17 -419434753 -289341826 -19928322 -85000196 2138439662
            1727463421 -50382866 -178782217</internalNodes>
          <leafValues>
            -5.4457259178161621e-01 4.1931009292602539e-01</leafValues></_></weakClassifiers></_>
    <!-- stage 2 -->
    <_>
      <maxWeakCount>9</maxWeakCount>
      <stageThreshold>-2.5015323162078857e+00</stageThreshold>
      <weakClassifiers>
        <_>
          <internalNodes>
            0 -1 113 -225 -1 -33554433 -1 -1 -1 -1 -1</internalNodes>
          <leafValues>
            -8.3880490064620972e-01 4.4430053234100342e-01</leafValues></_>
        <_>
          <internalNodes>
            0 -1 4 -1114114 -2 -863174692 -543293697 -1 -65538
            -538968066 -2097153</internalNodes>
          <leafValues>
            -7.2137778997421265e-01 2.9382255673408508e-01</leafValues></_>
        <_>
          <internalNodes>
            0 -1 136 1073086463 -1078133252 -1073741825 -1140916228
            -1073897987 -16973827 -149508 -1396942596</internalNodes>
          <leafValues>
            -6.2121528387069702e-01 3.3805078268051147e-01</leafValues></_>
        <_>
          <internalNodes>
            0 -1 172 -237 -524419 -269521376 -20481 -268435644 -196737
            -3356 -184549385</internalNodes>
          <leafValues>
            -4.3580839037895203e-01 5.0795298814773560e-01</leafValues></_>
        <_>
          <internalNodes>
            0 -1 145 2138832895 -1342373900 -270614533 -1347633160
            -229379 -4194305 -16973856 -1359153164</internalNodes>
          <leafValues>
            -5.8233809471130371e-01 3.5367086529731750e-01</leafValues></_>
        <_>
          <internalNodes>
            0 -1 118 2147424019 -9585153 -328240 -1086980098 -67118376
            2144665597 844167192 588381943</internalNodes>
          <leafValues>
            -5.3149783611297607e-01 3.7995854020118713e-01</leafValues></_>
        <_>
          <internalNodes>
            0 -1 72 2147444735 -1610711041 -67305473 2147385343
            -615490192 -557193 -1032326 -97353866</internalNodes>
          <leafValues>
            -4.7178202867507935e-01 3.9320105314254761e-01</leafValues></_>
        <_>
          <internalNodes>
            0 -1 21 -287412481 -8486913 -1140916628 -71761932 -5243137
            1568431999 -38383666 1954013015</internalNodes>
          <leafValues>
            -4.4448098540306091e-01 4.0775018930435181e-01</leafValues></_>
        <_>
          <internalNodes>
            0 -1 83 -8273 1569210036 -8459084 2143255736 -572760068
            1010630012 -16842760 1882587134</internalNodes>
          <leafValues>
            -5.0745022296905518e-01 3.5582822561264038e-01</leafValues></_></weakClassifiers></_>
    <!-- stage 3 -->
    <_>
      <maxWeakCount>9</maxWeakCount>
      <stageThreshold>-2.3939275741577148e+00</stageThreshold>
      <weakClassifiers>
        <_>
          <internalNodes>
            0 -1 104 -18667 -1025 -1 -1 -1 -1 -1 -1</internalNodes>
          <leafValues>
            -8.5690492391586304e-01 1.6453462839126587e-01</leafValues></_>
        <_>
          <internalNodes>
            0 -1 170 -2265 -1 -1075054874 -67111937 -134284540 -83886209
            -1026 -67109377</internalNodes>
          <leafValues>
            -5.9744828939437866e-01 4.3687149882316589e-01</leafValues></_>
        <_>
          <internalNodes>
            0 -1 64 -1 -1627586564 -16842753 -16843014 -16875521
            -16842754 -65538 -17498124</internalNodes>
          <leafValues>
            -5.6806528568267822e-01 3.9520511031150818e-01</leafValues></_>
        <_>
          <internalNodes>
            0 -1 177 -1309671425 -1414627593 -1107362891 -1360070660
            -1610629187 -1342178305 -268451843 -1930494483</internalNodes>
          <leafValues>
            -4.9737080931663513e-01 4.2365154623985291e-01</leafValues></_>
        <_>
          <internalNodes>
            0 -1 20 -294129985 -826053138 -285285854 -16859154
            -570437650 -721551489 -8392890 -151011481</internalNodes>
          <leafValues>
            -4.3306356668472290e-01 4.4126215577125549e-01</leafValues></_>
        <_>
          <internalNodes>
            0 -1 129 534527989 1073545212 -8193 -1073840132 2113691644
            -721188 -50446468 -1091813380</internalNodes>
          <leafValues>
            -5.6574678421020508e-01 3.4217432141304016e-01</leafValues></_>
        <_>
          <internalNodes>
            0 -1 5 -827658533 -1499042134 -1627695209 1476354036
            -553714177 -1048706 -571058433 -101744786</internalNodes>
          <leafValues>
            -4.4686329364776611e-01 3.9093068242073059e-01</leafValues></_>
        <_>
          <internalNodes>
            0 -1 125 -706740847 -1074463010 -38667344 -1611137360
            -50397188 1834614748 1828650744 1740111704</internalNodes>
          <leafValues>
            -4.7562381625175476e-01 3.4409388899803162e-01</leafValues></_>
        <_>
          <internalNodes>
            0 -1 158 708214271 775880440 -137363457 -1912621572
            478052349 -1669534279 1570701277 -1929425412</internalNodes>
          <leafValues>
            -5.0491219758987427e-01 3.3503943681716919e-01</leafValues></_></weakClassifiers></_>
    <!-- stage 4 -->
    <_>
      <maxWeakCount>8</maxWeakCount>
      <stageThreshold>-2.1923110485076904e+00</stageThreshold>
      <weakClassifiers>
        <_>
          <internalNodes>
            0 -1 32 -353374209 -8705 -8705 -8193 -1025 -1029 -1 -257</internalNodes>
          <leafValues>
            -8.4295886754989624e-01 3.1902879476547241e-01</leafValues></_>
        <_>
          <internalNodes>
            0 -1 34 -149966966 -1 1325473567 -133 -1 -10505217
            1341910955 -1</internalNodes>
          <leafValues>
            -7.0987737178802490e-01 3.1884321570396423e-01</leafValues></_>
        <_>
          <internalNodes>
            0 -1 174 -33555917 -13107266 -65616 -352387154 -10488512
            -738755841 -5390364 -150999307</internalNodes>
          <leafValues>
            -5.4346638917922974e-01 3.7548923492431641e-01</leafValues></_>
        <_>
          <internalNodes>
            0 -1 156 -8960009 799865840 -1140883723 -1342259208 -755340
            -33809 -1114268 -83951628</internalNodes>
          <leafValues>
            -5.7262229919433594e-01 3.7145277857780457e-01</leafValues></_>
        <_>
          <internalNodes>
            0 -1 108 -1632370697 784265948 -570425345 -306380808 -165004
            -66561 -229804 -16973836</internalNodes>
          <leafValues>
            -5.8280938863754272e-01 3.1682303547859192e-01</leafValues></_>
        <_>
          <internalNodes>
            0 -1 151 -19418368 -263175 -1154090177 -302514182 -436521724
            -2098180 792100030 1052473259</internalNodes>
          <leafValues>
            -5.2600669860839844e-01 3.4279462695121765e-01</leafValues></_>
        <_>
          <internalNodes>
            0 -1 135 532635639 -1088094948 -236979213 -281214980
            -33719444 -33691153 -493968 -16842768</internalNodes>
          <leafValues>
            -5.2524858713150024e-01 3.4199106693267822e-01</leafValues></_>
        <_>
          <internalNodes>
            0 -1 12 -1567692033 -1899172226 -19337500 1743638268
            1354746878 1602158461 1577017215 1979151483</internalNodes>
          <leafValues>
            -4.8064061999320984e-01 3.7463754415512085e-01</leafValues></_></weakClassifiers></_>
    <!-- stage 5 -->
    <_>
      <maxWeakCount>12</maxWeakCount>
      <stageThreshold>-2.3124134540557861e+00</stageThreshold>
      <weakClassifiers>
        <_>
          <internalNodes>
            0 -1 2 -487592193 -1 -6823937 -32769 -335548673 -67120389
            -4194305 -1025</internalNodes>
          <leafValues>
            -8.4749507904052734e-01 1.2956205010414124e-01</leafValues></_>
        <_>
          <internalNodes>
            0 -1 114 -134220032 -262145 -6365187 -33554453 -134275192
            -1025 1967079327 2076180479</internalNodes>
          <leafValues>
            -7.3647117614746094e-01 1.5826331079006195e-01</leafValues></_>
        <_>
          <internalNodes>
            0 -1 27 -38830217 -8425473 -873242627 -66564 -352369030
            -175233 -604340364 -9226413</internalNodes>
          <leafValues>
            -4.8598897457122803e-01 3.8036453723907471e-01</leafValues></_>
        <_>
          <internalNodes>
            0 -1 16 -286265665 -827654290 -16847254 -85281070 1174325231
            -822116353 -1207970115 -136314881</internalNodes>
          <leafValues>
            -3.6538258194923401e-01 4.6146252751350403e-01</leafValues></_>
        <_>
          <internalNodes>
            0 -1 95 861530043 1071642109 -107708548 -131076 -287445000
            -1646460932 -96669718 622198462</internalNodes>
          <leafValues>
            -4.6152395009994507e-01 3.4966436028480530e-01</leafValues></_>
        <_>
          <internalNodes>
            0 -1 80 1018859199 -1669791748 -1294274952 -16974340
            2079743740 -1115800705 -102788 -285409292</internalNodes>
          <leafValues>
            -5.7524824142456055e-01 2.7916255593299866e-01</leafValues></_>
        <_>
          <internalNodes>
            0 -1 1 36367077 -1677852958 -167782497 1440426803 1727840251
            -4194305 -1476532353 -172014113</internalNodes>
          <leafValues>
            -3.8325700163841248e-01 3.9240732789039612e-01</leafValues></_>
        <_>
          <internalNodes>
            0 -1 164 -274743337 246180304 -1109418036 -1393668388
            967687125 685641469 -537003019 -1996623363</internalNodes>
          <leafValues>
            -4.9784693121910095e-01 3.0230018496513367e-01</leafValues></_>
        <_>
          <internalNodes>
            0 -1 97 376339395 -1156121764 -273001700 670760916
            -908174628 526302125 1996389244 620232567</internalNodes>
          <leafValues>
            -4.6876662969589233e-01 3.2860305905342102e-01</leafValues></_>
        <_>
          <internalNodes>
            0 -1 144 536815573 -1359421452 1909974005 -1342383148
            -2327172 -16784644 -1141048332 -17237004</internalNodes>
          <leafValues>
            -6.0054379701614380e-01 2.3339341580867767e-01</leafValues></_>
        <_>
          <internalNodes>
            0 -1 23 -285311241 1860594174 -188426536 -4262342 1406630647
            1515247316 1713426122 1424481082</internalNodes>
          <leafValues>
            -5.0017958879470825e-01 2.8050321340560913e-01</leafValues></_>
        <_>
          <internalNodes>
            0 -1 62 -868285969 1072231388 -1863412338 -540516638
            1432144305 1572651934 -621005848 803168254</internalNodes>
          <leafValues>
            -4.2225927114486694e-01 3.4111267328262329e-01</leafValues></_></weakClassifiers></_>
    <!-- stage 6 -->
    <_>
      <maxWeakCount>13</maxWeakCount>
      <stageThreshold>-2.3699729442596436e+00</stageThreshold>
      <weakClassifiers>
        <_>
          <internalNodes>
            0 -1 113 -169 -2097153 -35654145 -2561 -100926737 -261
            -16777217 -1025</internalNodes>
          <leafValues>
            -8.3396595716476440e-01 3.4026466310024261e-02</leafValues></_>
        <_>
          <internalNodes>
            0 -1 29 -50331649 -336385 -2443521 -860201 -32773 -17532673
            -9207937 -9207945</internalNodes>
          <leafValues>
            -5.8273184299468994e-01 2.9889985918998718e-01</leafValues></_>
        <_>
          <internalNodes>
            0 -1 162 -67110905 -16387 -1350586625 2147483581 -343959040
            -33587339 -219284246 -16777473</internalNodes>
          <leafValues>
            -3.8463473320007324e-01 4.8102334141731262e-01</leafValues></_>
        <_>
          <internalNodes>
            0 -1 159 -1381179407 674904093 -12648463 -1929379843
            -1342391297 218079167 1572820477 -1929383426</internalNodes>
          <leafValues>
            -4.2324993014335632e-01 3.5961973667144775e-01</leafValues></_>
        <_>
          <internalNodes>
            0 -1 10 -286527813 -422679578 -620792702 -37751810
            -822083889 -276903948 -520095758 -740313105</internalNodes>
          <leafValues>
            -3.2446289062500000e-01 4.6571800112724304e-01</leafValues></_>
        <_>
          <internalNodes>
            0 -1 19 -286347537 -1657092 -188840218 -86030 -597146754
            1606204286 2023640542 1433656938</internalNodes>
          <leafValues>
            -4.4607153534889221e-01 3.4183335304260254e-01</leafValues></_>
        <_>
          <internalNodes>
            0 -1 70 -1611309313 1878589434 -135110721 -1091109061
            -42574064 1467956847 -4293796 -84771980</internalNodes>
          <leafValues>
            -5.2068907022476196e-01 2.5656670331954956e-01</leafValues></_>
        <_>
          <internalNodes>
            0 -1 120 1442316163 2138374141 -1073774602 -268435476
            2127880136 2002575356 -1360732214 935296639</internalNodes>
          <leafValues>
            -3.2518115639686584e-01 4.3971580266952515e-01</leafValues></_>
        <_>
          <internalNodes>
            0 -1 132 1476222193 788185589 -97519620 -289482756
            -616203788 -36848898 -10724796 -1090716364</internalNodes>
          <leafValues>
            -6.4004153013229370e-01 2.2144177556037903e-01</leafValues></_>
        <_>
          <internalNodes>
            0 -1 83 -8389 1572552380 -70612 2143256232 -539042050
            475855996 -102418 1035984895</internalNodes>
          <leafValues>
            -3.2732880115509033e-01 4.1794452071189880e-01</leafValues></_>
        <_>
          <internalNodes>
            0 -1 65 2147450623 721351678 -522986754 1862172150
            2044223164 -1147957845 -99740 -21692428</internalNodes>
          <leafValues>
            -5.8799350261688232e-01 2.1583849191665649e-01</leafValues></_>
        <_>
          <internalNodes>
            0 -1 153 2147220049 -1078198283 2147475360 -1073742084
            -547692548 -65548 -547422470 2008022267</internalNodes>
          <leafValues>
            -3.1630197167396545e-01 4.2763382196426392e-01</leafValues></_>
        <_>
          <internalNodes>
            0 -1 46 578988198 -1165840902 556866551 568763862 432743127
            -72148533 -1164344357 1181191359</internalNodes>
          <leafValues>
            -5.0862175226211548e-01 2.4937620759010315e-01</leafValues></_></weakClassifiers></_>
    <!-- stage 7 -->
    <_>
      <maxWeakCount>13</maxWeakCount>
      <stageThreshold>-2.7586202621459961e+00</stageThreshold>
      <weakClassifiers>
        <_>
          <internalNodes>
            0 -1 167 -8417 -2098177 -268708865 -2097185 -68157761
            -2360353 -262145 -1057</internalNodes>
          <leafValues>
            -8.1777882575988770e-01 5.8086559176445007e-02</leafValues></_>
        <_>
          <internalNodes>
            0 -1 0 -894701589 -1108878614 1476351991 -33588229
            -204604433 -68158789 -34078721 -257</internalNodes>
          <leafValues>
            -5.3645193576812744e-01 3.5606044530868530e-01</leafValues></_>
        <_>
          <internalNodes>
            0 -1 59 -136323073 -188979331 -537005729 -983169 -231452652
            -80475275 -47025340 -9404557</internalNodes>
          <leafValues>
            -5.3027230501174927e-01 3.0560839176177979e-01</leafValues></_>
        <_>
          <internalNodes>
            0 -1 90 -11274532 -8389641 -320414584 -4194326 2132766716
            2147474937 1692880558 635960943</internalNodes>
          <leafValues>
            -4.4662296772003174e-01 3.3137509226799011e-01</leafValues></_>
        <_>
          <internalNodes>
            0 -1 52 1457514175 -68996 -933961740 -1073885220 2046457844
            -7014404 -318964770 1171644410</internalNodes>
          <leafValues>
            -4.3902531266212463e-01 3.0190995335578918e-01</leafValues></_>
        <_>
          <internalNodes>
            0 -1 148 1060880379 -1079443500 -141106689 -1367671300
            1543274460 -8474626 -16779404 -1359038476</internalNodes>
          <leafValues>
            -5.0207495689392090e-01 2.7100592851638794e-01</leafValues></_>
        <_>
          <internalNodes>
            0 -1 94 1448082227 777451386 -306262116 -272696416
            1300175868 501039854 -16987540 1727528822</internalNodes>
          <leafValues>
            -4.3965804576873779e-01 2.9431399703025818e-01</leafValues></_>
        <_>
          <internalNodes>
            0 -1 175 -4110 531167210 -888156960 -388078360 -8394940
            1861521873 -140512848 -1059061776</internalNodes>
          <leafValues>
            -4.8419439792633057e-01 2.5681316852569580e-01</leafValues></_>
        <_>
          <internalNodes>
            0 -1 85 2138029807 -1991180482 -285315075 -276926472
            -596353044 1574731772 -1342279844 2146395583</internalNodes>
          <leafValues>
            -3.1868144869804382e-01 3.9987713098526001e-01</leafValues></_>
        <_>
          <internalNodes>
            0 -1 74 1887702656 -134758666 904970239 1073081546 -4825603
            -2098441 886341631 338656244</internalNodes>
          <leafValues>
            -5.4218763113021851e-01 2.3664633929729462e-01</leafValues></_>
        <_>
          <internalNodes>
            0 -1 68 536821503 804978175 -747177730 1861935100 1940683480
            468863915 -72193668 -84477068</internalNodes>
          <leafValues>
            -5.2930009365081787e-01 2.1808850765228271e-01</leafValues></_>
        <_>
          <internalNodes>
            0 -1 163 2080374561 1056957439 1792277474 794532535
            -205527548 1561799281 -118031636 -755580938</internalNodes>
          <leafValues>
            -4.2480379343032837e-01 2.8249663114547729e-01</leafValues></_>
        <_>
          <internalNodes>
            0 -1 37 787353270 258769834 -555332024 117753632 1838906253
            2034010809 2134657918 901209022</internalNodes>
          <leafValues>
            -6.6524106264114380e-01 1.7822302877902985e-01</leafValues></_></weakClassifiers></_>
    <!-- stage 8 -->
    <_>
      <maxWeakCount>15</maxWeakCount>
      <stageThreshold>-2.3622865676879883e+00</stageThreshold>
      <weakClassifiers>
        <_>
          <internalNodes>
            0 -1 45 -903808005 -606080513 -8392193 -2141961 1318060027
            -263173 -276563457 -1057</internalNodes>
          <leafValues>
            -8.3397358655929565e-01 -2.3972824215888977e-01</leafValues></_>
        <_>
          <internalNodes>
            0 -1 43 -2129929 -2393633 -715546625 -262149 268392477
            -306306 -13205633 -9207945</internalNodes>
          <leafValues>
            -5.6538915634155273e-01 2.3587544262409210e-01</leafValues></_>
        <_>
          <internalNodes>
            0 -1 121 -76023887 2000024487 -1476529896 -1073742473
            -819986548 2132605820 966015518 939523739</internalNodes>
          <leafValues>
            -4.2065608501434326e-01 3.6394590139389038e-01</leafValues></_>
        <_>
          <internalNodes>
            0 -1 18 -422641921 -543777034 450282220 -70940 -876675330
            1291723770 2146191582 1996476239</internalNodes>
          <leafValues>
            -3.8541015982627869e-01 3.3810991048812866e-01</leafValues></_>
        <_>
          <internalNodes>
            0 -1 42 -4097 -1076301834 -67568038 -32820 -539078660
            1297154046 2129976574 1476386783</internalNodes>
          <leafValues>
            -3.0431929230690002e-01 4.2337253689765930e-01</leafValues></_>
        <_>
          <internalNodes>
            0 -1 137 1073216511 -1610694680 -33689607 -1644298244
            -814350339 -1137838596 1593826809 -1996489484</internalNodes>
          <leafValues>
            -3.2446026802062988e-01 3.8626000285148621e-01</leafValues></_>
        <_>
          <internalNodes>
            0 -1 140 -171507708 -134316068 -1160138775 -36576360
            787820684 1852828671 754784984 1071275978</internalNodes>
          <leafValues>
            -5.3085356950759888e-01 2.2584626078605652e-01</leafValues></_>
        <_>
          <internalNodes>
            0 -1 171 -32939 1946080253 -648774744 -136447604 -1746952196
            -641097560 -14815240 -1162805506</internalNodes>
          <leafValues>
            -3.9296296238899231e-01 2.8263488411903381e-01</leafValues></_>
        <_>
          <internalNodes>
            0 -1 76 2138753245 -1616982018 -107620516 -1076892692
            2067848156 1495021998 -308380674 896486198</internalNodes>
          <leafValues>
            -3.5377562046051025e-01 3.0886036157608032e-01</leafValues></_>
        <_>
          <internalNodes>
            0 -1 146 -136855553 156823804 -1130106384 -1391831824
            2105376756 1261803941 -319107860 2008546294</internalNodes>
          <leafValues>
            -3.8284122943878174e-01 2.9372680187225342e-01</leafValues></_>
        <_>
          <internalNodes>
            0 -1 119 2071954135 888995836 -2229249 -273356248 -545502372
            -67345969 -335741060 -1359151244</internalNodes>
          <leafValues>
            -4.2364501953125000e-01 2.6637372374534607e-01</leafValues></_>
        <_>
          <internalNodes>
            0 -1 86 -1074267137 -620986376 1643520510 -1126444
            -608937004 416567740 -1142548100 1995656190</internalNodes>
          <leafValues>
            -3.7012934684753418e-01 3.0073568224906921e-01</leafValues></_>
        <_>
          <internalNodes>
            0 -1 5 -1030836517 -91331410 508184535 -671657248 -809732130
            -2249550 -369734466 2045721455</internalNodes>
          <leafValues>
            -3.5228452086448669e-01 3.0405217409133911e-01</leafValues></_>
        <_>
          <internalNodes>
            0 -1 177 -1180172835 -1413776842 -1720149578 619993087
            -1142180867 -1158696757 -135535617 -1998667793</internalNodes>
          <leafValues>
            -3.2348129153251648e-01 3.3032116293907166e-01</leafValues></_>
        <_>
          <internalNodes>
            0 -1 82 1089435391 -1344342531 1927001983 -1361650740
            -890496132 1067098555 1492005724 -352552332</internalNodes>
          <leafValues>
            -5.9576362371444702e-01 1.6914992034435272e-01</leafValues></_></weakClassifiers></_>
    <!-- stage 9 -->
    <_>
      <maxWeakCount>19</maxWeakCount>
      <stageThreshold>-2.4570026397705078e+00</stageThreshold>
      <weakClassifiers>
        <_>
          <internalNodes>
            0 -1 168 -8437 -273 1936958847 -36185093 -1140874614
            -134230065 -17830929 -1057</internalNodes>
          <leafValues>
            -8.1679582595825195e-01 -1.9542109966278076e-01</leafValues></_>
        <_>
          <internalNodes>
            0 -1 117 -538968065 1060370920 -721012 -1077944324 -107554
            2142985214 -85143570 670006911</internalNodes>
          <leafValues>
            -5.1982194185256958e-01 2.6560935378074646e-01</leafValues></_>
        <_>
          <internalNodes>
            0 -1 26 -67272961 -41993 -51448835 -67445010 -873366823
            -1078888639 -572228748 -78565579</internalNodes>
          <leafValues>
            -4.5203799009323120e-01 2.9622101783752441e-01</leafValues></_>
        <_>
          <internalNodes>
            0 -1 35 1780673250 2078099024 -975211081 1004360956
            -679530754 2111000984 1440599534 1709901023</internalNodes>
          <leafValues>
            -4.1747379302978516e-01 2.9593887925148010e-01</leafValues></_>
        <_>
          <internalNodes>
            0 -1 124 -168312899 -1088552963 1676897264 1067515886
            -42092580 1868562285 -151061794 1730674499</internalNodes>
          <leafValues>
            -3.0670964717864990e-01 3.7619060277938843e-01</leafValues></_>
        <_>
          <internalNodes>
            0 -1 81 2113929211 966842872 1305919936 -4197462 -665187364
            1339665372 -26281010 900202462</internalNodes>
          <leafValues>
            -3.7609267234802246e-01 2.9360833764076233e-01</leafValues></_>
        <_>
          <internalNodes>
            0 -1 73 -1978493133 -3527244 -1677754890 -5302028
            -1112215571 -1179654147 -1074004283 -6302571</internalNodes>
          <leafValues>
            -3.2081007957458496e-01 3.4401535987854004e-01</leafValues></_>
        <_>
          <internalNodes>
            0 -1 50 528661247 391046062 -968425484 1604681538 1228909420
            1597169881 2056965055 1035951870</internalNodes>
          <leafValues>
            -3.0354011058807373e-01 3.3389195799827576e-01</leafValues></_>
        <_>
          <internalNodes>
            0 -1 112 2146598605 -537625604 1427493855 -1107536931
            -238273036 -74170931 -1147940 -1082255432</internalNodes>
          <leafValues>
            -3.9916759729385376e-01 2.5764498114585876e-01</leafValues></_>
        <_>
          <internalNodes>
            0 -1 22 1820257023 2112288503 -1139475242 -8978434
            1248614646 208994035 -569095090 1467440462</internalNodes>
          <leafValues>
            -3.7697774171829224e-01 2.8191715478897095e-01</leafValues></_>
        <_>
          <internalNodes>
            0 -1 110 2011003807 1577046196 -685779304 -1648755472
            2127133684 2088347956 -85000450 762314742</internalNodes>
          <leafValues>
            -3.3808574080467224e-01 2.9754593968391418e-01</leafValues></_>
        <_>
          <internalNodes>
            0 -1 57 2136207295 -1879255567 -183447056 -591882 1523867092
            1496364158 -1074340486 2130182014</internalNodes>
          <leafValues>
            -3.2457149028778076e-01 3.0510726571083069e-01</leafValues></_>
        <_>
          <internalNodes>
            0 -1 154 2004293105 1067709322 -1804870932 -303115788
            -72057876 2013014779 -100861324 -352649228</internalNodes>
          <leafValues>
            -4.1274750232696533e-01 2.2588929533958435e-01</leafValues></_>
        <_>
          <internalNodes>
            0 -1 172 -1093665023 1060500236 -1458943200 758383419
            -383582956 929673583 -20012880 887094654</internalNodes>
          <leafValues>
            -4.5702293515205383e-01 2.0252026617527008e-01</leafValues></_>
        <_>
          <internalNodes>
            0 -1 141 -10545711 2134240212 592157108 -1349586458
            -388536258 168682431 935097310 246807934</internalNodes>
          <leafValues>
            -3.3555573225021362e-01 2.6399490237236023e-01</leafValues></_>
        <_>
          <internalNodes>
            0 -1 127 1055257599 712776506 -743828609 -1361119912
            2080000184 -105239901 -286294156 -17532044</internalNodes>
          <leafValues>
            -5.7771724462509155e-01 1.5506750345230103e-01</leafValues></_>
        <_>
          <internalNodes>
            0 -1 67 2065068029 1278530012 -716118356 -1615339596
            -633819718 1272482672 -41750918 1442830047</internalNodes>
          <leafValues>
            -3.0654972791671753e-01 3.4538245201110840e-01</leafValues></_>
        <_>
          <internalNodes>
            0 -1 93 1517900211 -1082720259 -268509924 -1879048276
            -562143243 2130051063 -102546 733968383</internalNodes>
          <leafValues>
            -2.6703664660453796e-01 3.6431053280830383e-01</leafValues></_>
        <_>
          <internalNodes>
            0 -1 60 2021142194 923201474 1069832910 1979153236
            -285383948 2146122234 -560537736 620198591</internalNodes>
          <leafValues>
            -4.1020366549491882e-01 2.3873150348663330e-01</leafValues></_></weakClassifiers></_>
    <!-- stage 10 -->
    <_>
      <maxWeakCount>18</maxWeakCount>
      <stageThreshold>-2.6550045013427734e+00</stageThreshold>
      <weakClassifiers>
        <_>
          <internalNodes>
            0 -1 139 -673 -536872481 -706937889 -570426369 -268453189
            -17733 -1095761921 -9281</internalNodes>
          <leafValues>
            -8.1338644027709961e-01 -1.9966301321983337e-01</leafValues></_>
        <_>
          <internalNodes>
            0 -1 170 -136317141 -524302 -1158969630 2079848311
            -137364736 -83895954 -84477186 -203424017</internalNodes>
          <leafValues>
            -5.5763429403305054e-01 1.5395388007164001e-01</leafValues></_>
        <_>
          <internalNodes>
            0 -1 44 -19136801 -67700865 -1682900737 -5047817 -285596427
            -1154057613 -9027726 -9207937</internalNodes>
          <leafValues>
            -3.6298692226409912e-01 3.6206102371215820e-01</leafValues></_>
        <_>
          <internalNodes>
            0 -1 39 1051634879 1543435982 -329459976 -689442 2078211647
            -606311426 -88282113 1439637470</internalNodes>
          <leafValues>
            -3.8378283381462097e-01 3.1720128655433655e-01</leafValues></_>
        <_>
          <internalNodes>
            0 -1 131 2109724112 1061084080 -1112949452 2143286152
            1844925644 2124378101 -1608208786 614948719</internalNodes>
          <leafValues>
            -4.3424829840660095e-01 2.4918408691883087e-01</leafValues></_>
        <_>
          <internalNodes>
            0 -1 25 -19145221 -134843393 -471467905 -6766657 -27337476
            -620928655 -771156 2133881396</internalNodes>
          <leafValues>
            -4.6659362316131592e-01 2.3897565901279449e-01</leafValues></_>
        <_>
          <internalNodes>
            0 -1 101 2147221437 1607794684 -562147587 -268505380
            -42697232 357859324 -1074872578 1006615547</internalNodes>
          <leafValues>
            -2.4675479531288147e-01 4.1892275214195251e-01</leafValues></_>
        <_>
          <internalNodes>
            0 -1 99 2143272915 -549847044 1071954916 -269 1851608828
            526385116 2124839706 1069252607</internalNodes>
          <leafValues>
            -2.6866587996482849e-01 3.8462501764297485e-01</leafValues></_>
        <_>
          <internalNodes>
            0 -1 96 104660731 1054405374 -738198147 -1909654536
            2144885588 -70210834 -6465228 -285442060</internalNodes>
          <leafValues>
            -5.8279204368591309e-01 1.7553915083408356e-01</leafValues></_>
        <_>
          <internalNodes>
            0 -1 45 -1037308493 -681150226 -8456845 1072849010 779087865
            -1091043337 -1754269217 -1918443299</internalNodes>
          <leafValues>
            -2.8498166799545288e-01 3.4333994984626770e-01</leafValues></_>
        <_>
          <internalNodes>
            0 -1 41 1795155611 -1073807686 -16847314 -301990148
            1593761008 -536871043 -102962 878706654</internalNodes>
          <leafValues>
            -3.0355393886566162e-01 3.0791845917701721e-01</leafValues></_>
        <_>
          <internalNodes>
            0 -1 133 2096456629 519894905 -551298085 652120916
            1790540669 -76961559 2146500208 -1493633164</internalNodes>
          <leafValues>
            -6.0981410741806030e-01 1.5504246950149536e-01</leafValues></_>
        <_>
          <internalNodes>
            0 -1 14 -458232145 -468802868 -1294787034 -40175756
            -340526609 833076911 1989857693 -717752331</internalNodes>
          <leafValues>
            -3.3554333448410034e-01 2.7680990099906921e-01</leafValues></_>
        <_>
          <internalNodes>
            0 -1 66 1883171807 -1092709011 1913018236 -13705264
            2072527094 2050394297 -91293078 1962934258</internalNodes>
          <leafValues>
            -3.6251604557037354e-01 2.6276150345802307e-01</leafValues></_>
        <_>
          <internalNodes>
            0 -1 91 -51069189 536656758 2095773274 -303409208 1805458172
            -1073978951 -1162676132 -524918828</internalNodes>
          <leafValues>
            -3.0286425352096558e-01 3.0299136042594910e-01</leafValues></_>
        <_>
          <internalNodes>
            0 -1 31 33556686 -1392300747 -50176339 1979668180 1069474303
            2130664330 1321749500 1065319599</internalNodes>
          <leafValues>
            -5.1985430717468262e-01 1.8944796919822693e-01</leafValues></_>
        <_>
          <internalNodes>
            0 -1 107 827190215 -1522735884 1527500986 -148048392
            2146880476 -82257172 -336667670 1016298831</internalNodes>
          <leafValues>
            -3.1616830825805664e-01 2.8946262598037720e-01</leafValues></_>
        <_>
          <internalNodes>
            0 -1 84 1576205947 -1158095651 -799358226 -1124409363
            -22520972 -618789990 -71500164 -84214284</internalNodes>
          <leafValues>
            -4.3873932957649231e-01 2.2255700826644897e-01</leafValues></_></weakClassifiers></_>
    <!-- stage 11 -->
    <_>
      <maxWeakCount>19</maxWeakCount>
      <stageThreshold>-2.6032569408416748e+00</stageThreshold>
      <weakClassifiers>
        <_>
          <internalNodes>
            0 -1 138 -184744843 -33565281 -1084929 -539004449 -86397441
            -103636337 -1077953541 -5263685</internalNodes>
          <leafValues>
            -8.6564147472381592e-01 -4.3128812313079834e-01</leafValues></_>
        <_>
          <internalNodes>
            0 -1 149 -2097665 -1191464067 -547530791 -1912602627
            -100665859 -2001014340 -536871425 -1929380353</internalNodes>
          <leafValues>
            -4.9282866716384888e-01 2.5522297620773315e-01</leafValues></_>
        <_>
          <internalNodes>
            0 -1 169 -134743285 -2626324 650183359 1375582133 -58343936
            -690055541 -25187590 -208143526</internalNodes>
          <leafValues>
            -3.6536628007888794e-01 3.3338645100593567e-01</leafValues></_>
        <_>
          <internalNodes>
            0 -1 71 -1644200493 158753660 -721267729 2066937719
            -673950672 2142388399 -1284474380 -76349582</internalNodes>
          <leafValues>
            -4.3945598602294922e-01 2.4151724576950073e-01</leafValues></_>
        <_>
          <internalNodes>
            0 -1 122 -675840608 -1143137540 -950994180 -537528372
            -211486216 -572920836 1970338646 1043528488</internalNodes>
          <leafValues>
            -5.0323164463043213e-01 2.1808105707168579e-01</leafValues></_>
        <_>
          <internalNodes>
            0 -1 176 -1141048847 -1369639653 1402124784 -1399571716
            -214172675 -1464067601 -19975 -1933788737</internalNodes>
          <leafValues>
            -3.9429661631584167e-01 2.5037539005279541e-01</leafValues></_>
        <_>
          <internalNodes>
            0 -1 48 -1062277393 -624116758 1576007597 1440822771
            936243703 -134283395 1843916783 -335554697</internalNodes>
          <leafValues>
            -2.7987417578697205e-01 3.4440365433692932e-01</leafValues></_>
        <_>
          <internalNodes>
            0 -1 15 -563163393 1337917180 -17375534 -1644167176
            -184754178 -1879113729 -737618 1432354703</internalNodes>
          <leafValues>
            -2.7708271145820618e-01 3.4350264072418213e-01</leafValues></_>
        <_>
          <internalNodes>
            0 -1 130 2069881727 209762032 -132157252 -1395852036
            693729768 139373476 148853860 947887356</internalNodes>
          <leafValues>
            -5.3283846378326416e-01 1.7866164445877075e-01</leafValues></_>
        <_>
          <internalNodes>
            0 -1 55 1073708271 530349912 -17138512 805306366 2096812028
            257228796 -340390 2113924319</internalNodes>
          <leafValues>
            -2.9154309630393982e-01 3.4204131364822388e-01</leafValues></_>
        <_>
          <internalNodes>
            0 -1 53 666825595 -1099121157 -28700193 -64053322 1530424316
            2122514595 -1163887036 -218830031</internalNodes>
          <leafValues>
            -5.2643150091171265e-01 1.9164241850376129e-01</leafValues></_>
        <_>
          <internalNodes>
            0 -1 88 1693073374 1559394775 -443588323 783823861
            -210731916 -1142153015 -1166901904 -13467804</internalNodes>
          <leafValues>
            -4.9540427327156067e-01 1.6663484275341034e-01</leafValues></_>
        <_>
          <internalNodes>
            0 -1 89 -530546557 -547100253 86016728 -707458626
            -1104551453 -88125193 1897218010 1182207461</internalNodes>
          <leafValues>
            -3.2647418975830078e-01 2.7255648374557495e-01</leafValues></_>
        <_>
          <internalNodes>
            0 -1 78 -855147869 504816637 91667132 -1078535688 1484266236
            469646333 1794820862 805298038</internalNodes>
          <leafValues>
            -3.3062112331390381e-01 2.7554270625114441e-01</leafValues></_>
        <_>
          <internalNodes>
            0 -1 51 899592123 491570156 1612348526 -1610622108
            1525418748 2075923066 997883615 746585946</internalNodes>
          <leafValues>
            -3.1750857830047607e-01 2.8865188360214233e-01</leafValues></_>
        <_>
          <internalNodes>
            0 -1 77 -16781649 -10685720 -204277217 -739844 2058965751
            -1535797 -309691655 -17006604</internalNodes>
          <leafValues>
            -3.0186539888381958e-01 3.0561470985412598e-01</leafValues></_>
        <_>
          <internalNodes>
            0 -1 111 -2367691 507043320 -1336768912 -288476196
            2129427452 527272125 -105055908 318733046</internalNodes>
          <leafValues>
            -4.1109234094619751e-01 2.2266806662082672e-01</leafValues></_>
        <_>
          <internalNodes>
            0 -1 75 -174256597 536781494 -271130752 2145608490
            -622896492 1580383160 1821892538 1070558306</internalNodes>
          <leafValues>
            -3.1662493944168091e-01 2.6499223709106445e-01</leafValues></_>
        <_>
          <internalNodes>
            0 -1 115 -1661844719 -270035971 2136389274 -1344140939
            -1124232312 -606893829 904802826 920108014</internalNodes>
          <leafValues>
            -3.8257899880409241e-01 2.2409142553806305e-01</leafValues></_></weakClassifiers></_>
    <!-- stage 12 -->
    <_>
      <maxWeakCount>19</maxWeakCount>
      <stageThreshold>-2.6257500648498535e+00</stageThreshold>
      <weakClassifiers>
        <_>
          <internalNodes>
            0 -1 28 -657409 -136323585 -619447297 -2561 -358354949
            -4516229 -72156161 -8913025</internalNodes>
          <leafValues>
            -8.0368322134017944e-01 -2.1203704178333282e-01</leafValues></_>
        <_>
          <internalNodes>
            0 -1 104 -709422079 -709641761 -1176797761 -540166161
            -1164200048 -1140858629 1019165599 -1057825</internalNodes>
          <leafValues>
            -5.8330088853836060e-01 7.4933312833309174e-02</leafValues></_>
        <_>
          <internalNodes>
            0 -1 165 -1210650185 -1134135046 566615531 -1942030603
            -1175454723 -1426531411 1067291375 -1929388033</internalNodes>
          <leafValues>
            -3.5109266638755798e-01 3.1913757324218750e-01</leafValues></_>
        <_>
          <internalNodes>
            0 -1 142 -12583535 1060699096 -1344348172 -1179649027
            -716416056 2135800828 -99334 968327031</internalNodes>
          <leafValues>
            -3.1528308987617493e-01 3.2547941803932190e-01</leafValues></_>
        <_>
          <internalNodes>
            0 -1 61 -539296001 -1611465044 2112671292 2134761456
            1576828142 2143289343 -1073848450 2012708731</internalNodes>
          <leafValues>
            -2.7732256054878235e-01 3.3139848709106445e-01</leafValues></_>
        <_>
          <internalNodes>
            0 -1 160 -372294952 -1365578792 -47483921 -581665284
            833805301 -1397105667 -906112515 -1916797476</internalNodes>
          <leafValues>
            -3.0577969551086426e-01 3.0708768963813782e-01</leafValues></_>
        <_>
          <internalNodes>
            0 -1 98 255852111 -1883443531 -388 -4407820 -196888
            2138959531 -16859282 935297023</internalNodes>
          <leafValues>
            -2.4369031190872192e-01 3.7828788161277771e-01</leafValues></_>
        <_>
          <internalNodes>
            0 -1 79 -1244053280 -1121551396 -1501788388 -4721676
            60918780 2140715708 -492109826 2008514046</internalNodes>
          <leafValues>
            -3.9128470420837402e-01 2.4221614003181458e-01</leafValues></_>
        <_>
          <internalNodes>
            0 -1 123 -33563397 -1090716675 -449399811 -570625703
            -72852748 1523294383 -881034412 -19338380</internalNodes>
          <leafValues>
            -4.3119311332702637e-01 2.0975431799888611e-01</leafValues></_>
        <_>
          <internalNodes>
            0 -1 38 -1700094305 800121594 1658342654 -1073873960
            1154263998 528300843 2062080991 1845197686</internalNodes>
          <leafValues>
            -3.2716786861419678e-01 2.7829259634017944e-01</leafValues></_>
        <_>
          <internalNodes>
            0 -1 173 -8393424 -715770884 1439064460 -82005180 -78718212
            -237194248 -570754180 347122684</internalNodes>
          <leafValues>
            -5.8127856254577637e-01 1.5438193082809448e-01</leafValues></_>
        <_>
          <internalNodes>
            0 -1 49 1579716108 966143714 -10728321 905411920 362585850
            -57015318 -274973988 1862223762</internalNodes>
          <leafValues>
            -3.9563527703285217e-01 2.1127495169639587e-01</leafValues></_>
        <_>
          <internalNodes>
            0 -1 24 -65372161 -420710692 -161948484 -1179786 -622278018
            -827262624 -17670294 1290895186</internalNodes>
          <leafValues>
            -3.7801760435104370e-01 2.2845135629177094e-01</leafValues></_>
        <_>
          <internalNodes>
            0 -1 36 -470818072 -1033575704 -1520735849 -34770448
            -217843205 -89476153 422560090 -438356283</internalNodes>
          <leafValues>
            -2.9921528697013855e-01 2.8763303160667419e-01</leafValues></_>
        <_>
          <internalNodes>
            0 -1 102 652025855 452784620 -60845625 -1426310658 -39290244
            -68263731 -604047500 -84247436</internalNodes>
          <leafValues>
            -4.6408802270889282e-01 1.7633193731307983e-01</leafValues></_>
        <_>
          <internalNodes>
            0 -1 54 -1093734725 -1080787021 -18060120 1878360005
            2146987518 1607270384 2130378590 1157103551</internalNodes>
          <leafValues>
            -2.7583980560302734e-01 3.1044989824295044e-01</leafValues></_>
        <_>
          <internalNodes>
            0 -1 128 1474211415 -1419185680 -7078664 -1399924012
            2117155828 1039442877 1220442132 619666398</internalNodes>
          <leafValues>
            -4.6327373385429382e-01 1.8038304150104523e-01</leafValues></_>
        <_>
          <internalNodes>
            0 -1 103 1828467871 -298569219 -821537794 2132426685
            -1143989772 1069624745 -93292546 2134014776</internalNodes>
          <leafValues>
            -4.7464630007743835e-01 1.6721056401729584e-01</leafValues></_>
        <_>
          <internalNodes>
            0 -1 105 318815924 503768828 -23528748 -1346446608
            1047817116 2078089723 -453215362 586373463</internalNodes>
          <leafValues>
            -4.8079651594161987e-01 1.7642246186733246e-01</leafValues></_></weakClassifiers></_>
    <!-- stage 13 -->
    <_>
      <maxWeakCount>21</maxWeakCount>
      <stageThreshold>-2.5527150630950928e+00</stageThreshold>
      <weakClassifiers>
        <_>
          <internalNodes>
            0 -1 166 -2124257 -2097169 2035282907 -1572913 -151258437
            -76555537 -3671105 -8388609</internalNodes>
          <leafValues>
            -8.1099522113800049e-01 -3.2647463679313660e-01</leafValues></_>
        <_>
          <internalNodes>
            0 -1 27 -38830113 -8707205 -1667403779 -102763011
            -1137294725 -1082043523 -1142259919 -9224347</internalNodes>
          <leafValues>
            -6.0665953159332275e-01 7.8524835407733917e-02</leafValues></_>
        <_>
          <internalNodes>
            0 -1 58 -276892929 521328503 -208530438 -1099762698
            1583238360 2038311283 -16854180 -76349586</internalNodes>
          <leafValues>
            -4.1905477643013000e-01 2.1662263572216034e-01</leafValues></_>
        <_>
          <internalNodes>
            0 -1 69 -8537681 1987110876 -810650660 -202892 -596354088
            502295024 716635090 2146946938</internalNodes>
          <leafValues>
            -3.4159964323043823e-01 2.7342164516448975e-01</leafValues></_>
        <_>
          <internalNodes>
            0 -1 8 -1073824018 -542310660 -285323650 1298780148
            -588448513 -2162689 2145189886 1600118527</internalNodes>
          <leafValues>
            -2.7813303470611572e-01 3.2479080557823181e-01</leafValues></_>
        <_>
          <internalNodes>
            0 -1 161 -203436024 -145076002 492285707 1430745907
            -648768960 -87307959 -1302023508 812886859</internalNodes>
          <leafValues>
            -3.5306006669998169e-01 2.4289880692958832e-01</leafValues></_>
        <_>
          <internalNodes>
            0 -1 134 2147478975 1027276536 -419 -1614848780 1599963004
            1870495740 -70146 2142240511</internalNodes>
          <leafValues>
            -2.0265692472457886e-01 4.3212521076202393e-01</leafValues></_>
        <_>
          <internalNodes>
            0 -1 116 2021515007 -1210256412 -202845833 -822282786
            -1078110596 -1073765457 -84102283 -50823308</internalNodes>
          <leafValues>
            -3.4256905317306519e-01 2.6199343800544739e-01</leafValues></_>
        <_>
          <internalNodes>
            0 -1 143 2138268573 1035652316 -605594896 -33623620
            -369206796 -4519190 -69403652 -16843788</internalNodes>
          <leafValues>
            -3.6061516404151917e-01 2.3753912746906281e-01</leafValues></_>
        <_>
          <internalNodes>
            0 -1 155 -616628655 -1074398251 -607142864 -1080194168
            1466685772 2138906840 1521941246 2003299263</internalNodes>
          <leafValues>
            -2.9660204052925110e-01 2.9962754249572754e-01</leafValues></_>
        <_>
          <internalNodes>
            0 -1 30 1085275314 -605116310 -42468363 -100979215 -26283557
            -1073922051 2137518076 -886399234</internalNodes>
          <leafValues>
            -2.4216058850288391e-01 3.6054593324661255e-01</leafValues></_>
        <_>
          <internalNodes>
            0 -1 92 -1782735195 923263988 -3401464 805174894 1365007804
            1067241708 -20022326 753893238</internalNodes>
          <leafValues>
            -3.0456608533859253e-01 2.7931934595108032e-01</leafValues></_>
        <_>
          <internalNodes>
            0 -1 47 389220514 771469676 631541069 934185420 1874507084
            -288453 2139774975 2010636026</internalNodes>
          <leafValues>
            -5.4451048374176025e-01 1.5241760015487671e-01</leafValues></_>
        <_>
          <internalNodes>
            0 -1 63 544157935 754776812 1120330556 -1086457004
            -795024534 -207844442 -74679444 1052711354</internalNodes>
          <leafValues>
            -3.2045072317123413e-01 2.5154191255569458e-01</leafValues></_>
        <_>
          <internalNodes>
            0 -1 147 897580279 -1348668964 -650126999 -270205960
            -70488715 -545289495 -885904 -84345356</internalNodes>
          <leafValues>
            -4.8774197697639465e-01 1.6899663209915161e-01</leafValues></_>
        <_>
          <internalNodes>
            0 -1 109 -640697669 -1541909324 -514669831 -290719340
            -78872964 410788493 -391747492 876558326</internalNodes>
          <leafValues>
            -3.7610009312629700e-01 2.2813299298286438e-01</leafValues></_>
        <_>
          <internalNodes>
            0 -1 7 -779164728 -360535040 1603613974 -676529214
            1216531880 -1290884453 -2140479027 -846220048</internalNodes>
          <leafValues>
            -3.0550613999366760e-01 2.7721634507179260e-01</leafValues></_>
        <_>
          <internalNodes>
            0 -1 106 2052396048 2037547260 -68358216 2004633340
            513735304 -16481571 1862819099 1162992607</internalNodes>
          <leafValues>
            -4.6592557430267334e-01 1.7988996207714081e-01</leafValues></_>
        <_>
          <internalNodes>
            0 -1 11 -1360090961 -539037524 22970574 -167987464
            1197785853 -1182367100 -379786850 1297363764</internalNodes>
          <leafValues>
            -6.1482876539230347e-01 1.2756226956844330e-01</leafValues></_>
        <_>
          <internalNodes>
            0 -1 40 -1075081477 -1074495492 -1646723 -301998084
            2130468348 -553746561 -327781 1602183007</internalNodes>
          <leafValues>
            -2.3427194356918335e-01 3.6141541600227356e-01</leafValues></_>
        <_>
          <internalNodes>
            0 -1 152 -3336188 1049599960 562311528 -1343301263
            -218614828 2143515673 -1259013132 -222233808</internalNodes>
          <leafValues>
            -4.4047409296035767e-01 1.9230286777019501e-01</leafValues></_></weakClassifiers></_></stages>
  <features>
    <_>
      <rect>
        0 0 2 2</rect></_>
    <_>
      <rect>
        0 0 3 2</rect></_>
    <_>
      <rect>
        0 0 4 1</rect></_>
    <_>
      <rect>
        0 0 5 2</rect></_>
    <_>
      <rect>
        0 0 5 4</rect></_>
    <_>
      <rect>
        0 2 2 2</rect></_>
    <_>
      <rect>
        0 2 3 4</rect></_>
    <_>
      <rect>
        0 3 1 1</rect></_>
    <_>
      <rect>
        0 3 2 3</rect></_>
    <_>
      <rect>
        0 3 3 4</rect></_>
    <_>
      <rect>
        0 4 1 1</rect></_>
    <_>
      <rect>
        0 4 1 4</rect></_>
    <_>
      <rect>
        0 4 3 2</rect></_>
    <_>
      <rect>
        0 4 4 4</rect></_>
    <_>
      <rect>
        0 5 1 1</rect></_>
    <_>
      <rect>
        0 5 2 2</rect></_>
    <_>
      <rect>
        0 6 1 1</rect></_>
    <_>
      <rect>
        0 6 2 1</rect></_>
    <_>
      <rect>
        0 6 2 2</rect></_>
    <_>
      <rect>
        0 6 3 2</rect></_>
    <_>
      <rect>
        0 7 1 1</rect></_>
    <_>
      <rect>
        0 7 2 2</rect></_>
    <_>
      <rect>
        0 8 2 2</rect></_>
    <_>
      <rect>
        0 8 3 2</rect></_>
    <_>
      <rect>
        0 9 3 2</rect></_>
    <_>
      <rect>
        0 10 1 2</rect></_>
    <_>
      <rect>
        0 12 1 1</rect></_>
    <_>
      <rect>
        0 13 1 1</rect></_>
    <_>
      <rect>
        0 13 2 1</rect></_>
    <_>
      <rect>
        0 13 3 1</rect></_>
    <_>
      <rect>
        1 0 2 1</rect></_>
    <_>
      <rect>
        1 0 2 3</rect></_>
    <_>
      <rect>
        1 0 3 1</rect></_>
    <_>
      <rect>
        1 0 5 2</rect></_>
    <_>
      <rect>
        1 0 5 3</rect></_>
    <_>
      <rect>
        1 1 1 3</rect></_>
    <_>
      <rect>
        1 2 1 1</rect></_>
    <_>
      <rect>
        1 3 3 2</rect></_>
    <_>
      <rect>
        1 4 2 2</rect></_>
    <_>
      <rect>
        1 4 3 3</rect></_>
    <_>
      <rect>
        1 5 2 3</rect></_>
    <_>
      <rect>
        1 6 2 2</rect></_>
    <_>
      <rect>
        1 8 3 2</rect></_>
    <_>
      <rect>
        1 13 1 1</rect></_>
    <_>
      <rect>
        1 13 2 1</rect></_>
    <_>
      <rect>
        2 0 2 1</rect></_>
    <_>
      <rect>
        2 0 3 1</rect></_>
    <_>
      <rect>
        2 0 4 2</rect></_>
    <_>
      <rect>
        2 1 2 1</rect></_>
    <_>
      <rect>
        2 1 2 2</rect></_>
    <_>
      <rect>
        2 3 3 2</rect></_>
    <_>
      <rect>
        2 5 2 2</rect></_>
    <_>
      <rect>
        2 5 3 3</rect></_>
    <_>
      <rect>
        2 7 1 1</rect></_>
    <_>
      <rect>
        2 7 3 2</rect></_>
    <_>
      <rect>
        2 8 3 2</rect></_>
    <_>
      <rect>
        2 9 1 1</rect></_>
    <_>
      <rect>
        2 9 2 2</rect></_>
    <_>
      <rect>
        2 10 1 1</rect></_>
    <_>
      <rect>
        2 12 1 1</rect></_>
    <_>
      <rect>
        3 1 2 2</rect></_>
    <_>
      <rect>
        3 3 2 2</rect></_>
    <_>
      <rect>
        3 3 2 3</rect></_>
    <_>
      <rect>
        3 4 2 3</rect></_>
    <_>
      <rect>
        3 7 1 1</rect></_>
    <_>
      <rect>
        3 8 1 1</rect></_>
    <_>
      <rect>
        3 8 2 1</rect></_>
    <_>
      <rect>
        3 8 3 2</rect></_>
    <_>
      <rect>
        3 9 1 1</rect></_>
    <_>
      <rect>
        3 10 2 2</rect></_>
    <_>
      <rect>
        3 11 1 1</rect></_>
    <_>
      <rect>
        3 12 1 1</rect></_>
    <_>
      <rect>
        3 13 1 1</rect></_>
    <_>
      <rect>
        4 0 1 1</rect></_>
    <_>
      <rect>
        4 0 3 2</rect></_>
    <_>
      <rect>
        4 3 3 2</rect></_>
    <_>
      <rect>
        4 4 3 2</rect></_>
    <_>
      <rect>
        4 5 1 1</rect></_>
    <_>
      <rect>
        4 5 2 2</rect></_>
    <_>
      <rect>
        4 5 3 2</rect></_>
    <_>
      <rect>
        4 6 1 1</rect></_>
    <_>
      <rect>
        4 6 3 2</rect></_>
    <_>
      <rect>
        4 8 1 1</rect></_>
    <_>
      <rect>
        4 8 3 2</rect></_>
    <_>
      <rect>
        4 9 1 1</rect></_>
    <_>
      <rect>
        4 9 2 2</rect></_>
    <_>
      <rect>
        4 10 2 2</rect></_>
    <_>
      <rect>
        4 12 1 1</rect></_>
    <_>
      <rect>
        4 13 1 1</rect></_>
    <_>
      <rect>
        5 0 2 1</rect></_>
    <_>
      <rect>
        5 2 3 2</rect></_>
    <_>
      <rect>
        5 3 2 1</rect></_>
    <_>
      <rect>
        5 3 2 2</rect></_>
    <_>
      <rect>
        5 4 2 2</rect></_>
    <_>
      <rect>
        5 5 2 2</rect></_>
    <_>
      <rect>
        5 5 3 3</rect></_>
    <_>
      <rect>
        5 6 1 1</rect></_>
    <_>
      <rect>
        5 6 2 2</rect></_>
    <_>
      <rect>
        5 6 2 3</rect></_>
    <_>
      <rect>
        5 6 3 2</rect></_>
    <_>
      <rect>
        5 8 1 1</rect></_>
    <_>
      <rect>
        5 10 2 2</rect></_>
    <_>
      <rect>
        5 11 1 1</rect></_>
    <_>
      <rect>
        5 13 1 1</rect></_>
    <_>
      <rect>
        6 0 3 1</rect></_>
    <_>
      <rect>
        6 2 2 2</rect></_>
    <_>
      <rect>
        6 2 3 3</rect></_>
    <_>
      <rect>
        6 4 2 3</rect></_>
    <_>
      <rect>
        6 6 1 1</rect></_>
    <_>
      <rect>
        6 8 2 2</rect></_>
    <_>
      <rect>
        6 8 3 2</rect></_>
    <_>
      <rect>
        6 10 2 1</rect></_>
    <_>
      <rect>
        6 13 1 1</rect></_>
    <_>
      <rect>
        7 0 3 1</rect></_>
    <_>
      <rect>
        7 0 3 3</rect></_>
    <_>
      <rect>
        7 1 3 2</rect></_>
    <_>
      <rect>
        7 3 1 1</rect></_>
    <_>
      <rect>
        7 3 2 2</rect></_>
    <_>
      <rect>
        7 3 3 3</rect></_>
    <_>
      <rect>
        7 4 1 1</rect></_>
    <_>
      <rect>
        7 4 2 3</rect></_>
    <_>
      <rect>
        7 4 3 2</rect></_>
    <_>
      <rect>
        7 5 3 3</rect></_>
    <_>
      <rect>
        7 6 1 1</rect></_>
    <_>
      <rect>
        7 6 3 2</rect></_>
    <_>
      <rect>
        7 7 3 2</rect></_>
    <_>
      <rect>
        7 7 3 3</rect></_>
    <_>
      <rect>
        7 8 1 1</rect></_>
    <_>
      <rect>
        7 11 2 1</rect></_>
    <_>
      <rect>
        7 12 1 1</rect></_>
    <_>
      <rect>
        7 12 2 1</rect></_>
    <_>
      <rect>
        8 2 2 2</rect></_>
    <_>
      <rect>
        8 6 1 1</rect></_>
    <_>
      <rect>
        8 7 1 1</rect></_>
    <_>
      <rect>
        8 8 2 2</rect></_>
    <_>
      <rect>
        8 9 1 1</rect></_>
    <_>
      <rect>
        8 13 1 1</rect></_>
    <_>
      <rect>
        8 13 2 1</rect></_>
    <_>
      <rect>
        9 0 1 1</rect></_>
    <_>
      <rect>
        9 0 2 1</rect></_>
    <_>
      <rect>
        9 0 2 2</rect></_>
    <_>
      <rect>
        9 4 2 2</rect></_>
    <_>
      <rect>
        9 5 2 2</rect></_>
    <_>
      <rect>
        9 6 1 1</rect></_>
    <_>
      <rect>
        9 7 1 1</rect></_>
    <_>
      <rect>
        9 8 1 1</rect></_>
    <_>
      <rect>
        9 8 2 2</rect></_>
    <_>
      <rect>
        9 9 1 1</rect></_>
    <_>
      <rect>
        9 10 1 1</rect></_>
    <_>
      <rect>
        9 13 2 1</rect></_>
    <_>
      <rect>
        10 0 2 2</rect></_>
    <_>
      <rect>
        10 1 2 3</rect></_>
    <_>
      <rect>
        10 3 1 1</rect></_>
    <_>
      <rect>
        10 4 2 3</rect></_>
    <_>
      <rect>
        10 5 1 1</rect></_>
    <_>
      <rect>
        10 5 2 2</rect></_>
    <_>
      <rect>
        10 6 1 1</rect></_>
    <_>
      <rect>
        10 6 2 1</rect></_>
    <_>
      <rect>
        10 13 1 1</rect></_>
    <_>
      <rect>
        10 13 2 1</rect></_>
    <_>
      <rect>
        11 12 1 1</rect></_>
    <_>
      <rect>
        12 2 1 1</rect></_>
    <_>
      <rect>
        12 3 1 1</rect></_>
    <_>
      <rect>
        12 4 1 1</rect></_>
    <_>
      <rect>
        12 12 1 1</rect></_>
    <_>
      <rect>
        12 13 1 1</rect></_>
    <_>
      <rect>
        13 0 1 3</rect></_>
    <_>
      <rect>
        13 1 1 2</rect></_>
    <_>
      <rect>
        13 2 1 2</rect></_>
    <_>
      <rect>
        13 3 1 1</rect></_>
    <_>
      <rect>
        13 4 1 1</rect></_>
    <_>
      <rect>
        13 5 1 3</rect></_>
    <_>
      <rect>
        13 6 1 1</rect></_>
    <_>
      <rect>
        13 6 1 3</rect></_>
    <_>
      <rect>
        13 7 1 1</rect></_>
    <_>
      <rect>
        13 9 1 1</rect></_>
    <_>
      <rect>
        13 12 1 1</rect></_>
    <_>
      <rect>
        13 13 1 1</rect></_></features></cascade>
</opencv_storage>
